team,edition,score
Germany,2010,0.9966143310027756
Argentina,2014,0.99354882459891
Germany,2018,0.9933869805236905
Argentina,2002,0.9929698468848105
Germany,1998,0.992250742112256
Argentina,2018,0.9890868223347966
Italy,2002,0.9855042991257799
France,2018,0.98541995054617
Germany,1994,0.9848553063229587
Brazil,2018,0.9767333950069148
Brazil,2006,0.9750294371297349
Italy,1994,0.9732061331317816
Germany,2014,0.9704096997887017
Brazil,1998,0.9669263323676948
Italy,2006,0.9557413449220588
France,2006,0.9404776362245345
Netherlands,2010,0.9330841880045738
Sweden,2002,0.93209163754159
England,1998,0.9310774341492
Sweden,2014,0.9306586977634991
France,2002,0.9245997718942879
Spain,2002,0.9232810313352009
Croatia,2010,0.9218914933164567
Portugal,1998,0.9197251477810753
Netherlands,1994,0.9195348589381873
Spain,1994,0.919099764248677
Brazil,1994,0.918742256878454
Poland,2006,0.9140712586379169
Croatia,1998,0.9131609109224509
Russia,1998,0.9129220088079434
Spain,2014,0.9128394012432676
Poland,2002,0.9119261471548669
England,2006,0.9116496312348149
Libya,2014,0.91157761138477
Slovakia,2018,0.9108140175027901
Netherlands,2006,0.9108075851681279
Brazil,2010,0.9105775057009112
Jamaica,1998,0.909660537093687
Dominican Republic,2014,0.9092517623344452
Chile,2010,0.9091880559798424
Denmark,1998,0.9075746897457854
Fiji,2002,0.9073814349333379
Panama,2014,0.9071785990686568
Portugal,2010,0.9069658619412954
Denmark,1994,0.9068977999058441
Belgium,2018,0.9066171163245639
Morocco,2018,0.9064084237351963
Austria,2018,0.9063610037255312
Portugal,2018,0.9061024833231678
Japan,1998,0.9059237750056769
Israel,2010,0.9052321329463748
Nigeria,2002,0.9051108147938761
Australia,1998,0.9050118696828542
Egypt,2006,0.9049916139055765
Jordan,2006,0.9049361369332761
Greece,2006,0.9047418830241519
Belgium,2014,0.904209033912933
United Arab Emirates,2014,0.9037416737587795
Sweden,2006,0.9033750692943273
Oman,2006,0.902800086873084
Sweden,2018,0.901974213128909
Honduras,2002,0.9018563910794946
Paraguay,1998,0.9008199239959772
Norway,1994,0.9006422395507941
Angola,1998,0.9005861053174157
Cuba,1998,0.9001549812903862
Bahamas,2014,0.8999040372654366
Wales,2018,0.8998853880769638
Bulgaria,2010,0.8997775652298612
Russia,2010,0.8996131724555005
Tunisia,2018,0.8991160079385422
Serbia,2010,0.8983909127045874
Switzerland,2014,0.8983764044731802
Mali,2006,0.8980434177780136
Algeria,2010,0.8979805293179945
Syria,2018,0.8972539262587497
Congo DR,2018,0.8972085130265852
Senegal,2018,0.8969474068603521
France,1998,0.8966286621926329
Colombia,1998,0.8960150390219805
Afghanistan,2014,0.895953185810009
Argentina,2006,0.8959443143511905
Romania,1994,0.8957819562135977
Trinidad and Tobago,2002,0.8956236514719454
England,1994,0.894353629310443
Peru,2018,0.8929330414267381
Chile,2018,0.8928387855873627
Mali,2010,0.8926958945569903
Colombia,2014,0.8925891135853151
Saudi Arabia,1994,0.892552530956231
South Africa,1998,0.8924493919701141
Slovenia,2002,0.8921618383966247
Spain,2010,0.8919680392567221
USA,2006,0.89127440623826
Saudi Arabia,2010,0.8911574430990673
India,2018,0.8909624188595071
Portugal,2014,0.8907177498587538
Russia,2002,0.8905240578180588
Burundi,1998,0.8904883702263972
Colombia,2002,0.8903378535370349
South Africa,2014,0.890323131530561
Czech Republic,1998,0.8900307631319521
Gabon,2010,0.8898574310170786
Australia,2010,0.889849766421468
Morocco,2006,0.8893347727220674
Uganda,2010,0.8889218085847397
Chile,1998,0.8888763605961411
Egypt,2018,0.8883310428081711
Costa Rica,2002,0.888091562499313
Croatia,2018,0.8877251715350012
Austria,1998,0.887517585740589
Greece,2010,0.8870587601532821
Ghana,1994,0.8864547861099239
Ukraine,2002,0.884249006618331
Japan,2006,0.8841667471794852
Japan,2010,0.8840290687880256
Nigeria,2006,0.8839279342666895
Saudi Arabia,2006,0.8837738481116819
Libya,2006,0.8835608819799134
Iceland,2018,0.883551420115683
Thailand,1998,0.8824838546748006
Mexico,2006,0.882319287822034
Saudi Arabia,2018,0.8816644819829161
England,2010,0.8813105824314686
Mexico,2018,0.8810050664867468
Poland,2018,0.8802118291153355
Cameroon,2010,0.8801816277187315
Germany,2002,0.879636227300878
Jamaica,2006,0.8793886541818695
Tahiti,2002,0.8791543732538394
Curaçao,2018,0.8788081136795918
England,2018,0.8782641234493385
Bulgaria,2006,0.8782005735198225
Paraguay,2002,0.8776071215550083
Uruguay,1994,0.876932641562675
Jordan,2014,0.8763296864122962
Croatia,2006,0.8758916532292786
Iraq,2006,0.8756971029423826
Montenegro,2010,0.875533042184314
Portugal,1994,0.8754509033400495
New Caledonia,2010,0.8754046780078208
Morocco,1994,0.8753344781607794
Morocco,1998,0.8748583012874
Cook Islands,2018,0.8746869216217085
Australia,2018,0.8745202898699654
Bahrain,2006,0.8745029050041565
Palestine,2018,0.8742777956378348
Ecuador,1998,0.8740984046547924
Turkey,2002,0.8733097785450011
USA,2010,0.8729376154285762
Uruguay,2002,0.8726912822705528
Mexico,2010,0.8724137992943017
Trinidad and Tobago,1998,0.8722016406933266
Mozambique,1998,0.8721091128035782
Uzbekistan,2006,0.8720252403679165
Iraq,2002,0.871979109631125
Italy,2018,0.8719786202084443
Philippines,1994,0.8718182353122048
Peru,2014,0.8711484244951357
Denmark,2018,0.8709854416739495
Bahrain,2010,0.8699763395537781
Kazakhstan,2002,0.8699341189014232
Hungary,2014,0.8696926715393759
Haiti,2002,0.8695661982732726
France,2010,0.869010232339242
Japan,1994,0.86871123344633
Northern Ireland,2018,0.8683345466063498
Turkey,1998,0.8676758657259305
Philippines,2014,0.8676404848017554
Scotland,1998,0.8675628376504793
Egypt,2010,0.8674543512344525
USA,2002,0.8670616899406883
Zimbabwe,2002,0.8666594802735492
Slovakia,1998,0.8663497076597594
New Caledonia,2014,0.8662398303291178
Slovakia,1994,0.8655127701453982
Honduras,2010,0.8653795322772091
Switzerland,2006,0.8652019835632779
Portugal,2002,0.8651716653112289
Tahiti,2018,0.8651071170784861
Cuba,2006,0.8649064238035951
New Zealand,2002,0.8648787804813732
Tunisia,2002,0.8646247525651554
Cameroon,2002,0.8637951006244903
Mozambique,2010,0.8636595600860936
Rwanda,2002,0.8635009780327254
Montenegro,2014,0.8633808642597107
Mexico,1998,0.8630811949237817
Czech Republic,2006,0.862941036187663
Tanzania,2010,0.8620054685157104
Senegal,2002,0.8615052267415716
Ghana,2014,0.861402386887943
Norway,2010,0.8613332679446873
Gabon,1998,0.8613255057438749
Lebanon,1998,0.8612230379132408
Northern Ireland,2010,0.8609463806072738
Fiji,1994,0.8608515353809125
Ukraine,2014,0.860681949872623
Croatia,1994,0.8605112056675153
Uruguay,2006,0.8603413740372775
Guinea,2014,0.860238192206034
New Caledonia,2006,0.860174947550997
Uzbekistan,2002,0.860067057905533
Nigeria,1994,0.859403363796715
Argentina,1994,0.859176345729899
Dominica,1998,0.8586886809125772
Korea Republic,2010,0.8583021993353444
Greece,2014,0.8583016951500644
Lebanon,2018,0.8582155815155222
Uruguay,2010,0.8573334714816748
Tunisia,1998,0.8572940250177357
Fiji,2006,0.8562879241331224
Sudan,1998,0.8557820510180972
Zambia,1994,0.8556661181862003
Thailand,2010,0.8553764811733653
Fiji,2010,0.8552525847430036
Zimbabwe,1994,0.8551556378688209
Madagascar,2018,0.8550018638136113
Chile,2014,0.8549758481165558
Syria,2010,0.8548212950297175
Senegal,2006,0.8546297386555094
Iceland,2002,0.854028387590185
Australia,2006,0.8533386993369101
Ghana,2002,0.8529391611784629
Ecuador,2014,0.8529073992164812
Puerto Rico,2010,0.8520148228650686
USA,2014,0.8516041159766625
Guyana,2010,0.8514312576972418
Solomon Islands,2010,0.8514102454401038
Tajikistan,2014,0.8512659411070872
Senegal,2014,0.8507492765322089
Zambia,1998,0.8507218075211338
Bulgaria,1998,0.850303816916901
Oman,2010,0.8495304102648539
Korea Republic,2018,0.8493212205430976
Vanuatu,2018,0.8489379755998565
Kenya,2006,0.8485957645706064
Iraq,1998,0.8482825940359393
Uruguay,2014,0.8482819686815973
Italy,2010,0.8480305290872454
Vietnam,2018,0.8474624438498295
Mexico,2002,0.8473976887194282
Vietnam,2002,0.8473154573252405
Uganda,2018,0.846483497013496
Spain,2006,0.8464246643749929
Australia,1994,0.8452227564264663
Guinea,2006,0.8448805855807892
Scotland,1994,0.8448431584544401
Spain,2018,0.8448183789884088
Bermuda,2002,0.8446199480943776
Tahiti,1994,0.8446163758225336
Tajikistan,2002,0.8445283822598577
Turkmenistan,2014,0.8443455211545631
Thailand,2018,0.8443187228881963
England,2002,0.8442735513256657
Kuwait,1998,0.8440089525459973
Honduras,1994,0.8436312237476142
Albania,2014,0.8435986510141985
Algeria,1994,0.8434160351257582
Norway,2006,0.8430440040474073
Tahiti,1998,0.8430104621266682
Cameroon,2018,0.8427008106873068
Vanuatu,2006,0.8425275363290642
Guatemala,1998,0.8423928757401812
Korea DPR,2010,0.8423355119409882
Uganda,1998,0.8421852113821905
Spain,1998,0.842126030730556
Italy,2014,0.8420853324124962
Kuwait,2006,0.8416990344440228
Barbados,2010,0.8416685933147765
Madagascar,1994,0.8412639197914266
Hungary,2010,0.8412221943916414
Uruguay,1998,0.8411487498656287
Haiti,2014,0.8410992052183026
Saudi Arabia,2002,0.8409805525570087
Scotland,2014,0.8409245842505659
Papua New Guinea,2006,0.8409193076724151
Portugal,2006,0.8407859334741986
Belarus,2006,0.8406542544226552
Cuba,1994,0.8403697700884868
Barbados,1994,0.8393670631230085
Syria,2002,0.8393168605205964
Iraq,1994,0.8392071941902405
Korea Republic,2006,0.8389879648455564
France,1994,0.8385183901644312
Tunisia,2014,0.8383310822330126
Costa Rica,2014,0.8382242141234989
Switzerland,2018,0.8376075918793168
Zimbabwe,2018,0.8372202015779924
England,2014,0.8371172652493292
Australia,2002,0.8368280959981604
Korea DPR,2018,0.8368028967831538
Greece,1994,0.8364358569043663
Suriname,2014,0.8364067488357741
Zimbabwe,2006,0.8363821252254442
Bermuda,2014,0.8363804481937583
Belgium,2002,0.836309107057353
Japan,2018,0.8360839670024008
Jamaica,2010,0.8353568650569592
Costa Rica,2006,0.8352159370683405
Czech Republic,2002,0.8351738703007643
Indonesia,2002,0.8347383944437228
Solomon Islands,1998,0.8342915190607704
Slovakia,2010,0.8340707962797277
Romania,2006,0.8335791184001284
Burkina Faso,2018,0.833534871277624
Kenya,1994,0.8332995436523772
Slovenia,2014,0.8327588605158617
Solomon Islands,2002,0.8326780664554498
United Arab Emirates,2018,0.8326359811408843
Austria,2014,0.8323939171866366
Bulgaria,1994,0.8322518666049625
Venezuela,2010,0.8319350732176088
Qatar,2018,0.8318497562649
Grenada,1998,0.8311212057944732
Netherlands,2002,0.8307181267869143
Haiti,2010,0.8305619190578967
Denmark,2002,0.8304924284996438
Congo DR,2014,0.8296492657917467
Turkey,2014,0.8292423139977306
Peru,1998,0.8289795729446138
Liberia,2002,0.8289716316885372
Uzbekistan,2014,0.8288843232914153
Botswana,2014,0.8286978197804507
Wales,2006,0.8286755799855181
Hungary,2002,0.8282146948353618
Israel,2002,0.8281330429004548
Mexico,2014,0.8280750329864384
Solomon Islands,2006,0.8280256290206751
Korea Republic,1998,0.8279522214760608
Romania,2002,0.8278605405167757
Gambia,2010,0.8273707276170876
Cameroon,1994,0.8270527525679898
Iraq,2018,0.826997496255727
Trinidad and Tobago,2014,0.826464185332447
Jordan,1994,0.8260959708013209
Armenia,2014,0.825867101155349
Mexico,1994,0.8256997668510726
Algeria,2014,0.825687825055612
Indonesia,2018,0.8256372981669277
Swaziland,2018,0.8251921798193086
Romania,2014,0.8251264989060284
Panama,1998,0.8250759776239952
Ethiopia,2002,0.825067907318733
Turkmenistan,2002,0.8248750488790507
Korea Republic,1994,0.8248323609715766
Finland,2006,0.8245695230861191
Suriname,2018,0.8243925325863035
Suriname,1994,0.8243358585003641
Togo,1998,0.8243171569658474
Korea DPR,2006,0.8241466087539835
Hong Kong,2018,0.8240181885295483
Tunisia,1994,0.8237414384407968
Korea DPR,1994,0.8232842139156413
Benin,2018,0.8224323163037023
South Africa,2002,0.8219846126589788
Angola,2002,0.8211245359831556
Antigua and Barbuda,2010,0.820850171947623
Bangladesh,2006,0.8207437080306048
Burundi,2014,0.8206477158771281
Guinea,1998,0.8204870021335668
USA,1998,0.8203648846830038
Vanuatu,2010,0.8201241365884853
Korea Republic,2014,0.8200796911701419
Zambia,2014,0.8199433053438794
Bahrain,1994,0.8196508952916745
Costa Rica,2010,0.8193216258284062
Hong Kong,2006,0.819129510030517
Haiti,1998,0.8190422701384805
Finland,2002,0.8187936198946593
Jamaica,1994,0.8185375864164277
Maldives,2010,0.8175986856142984
Bulgaria,2018,0.8175403871529929
Vanuatu,2014,0.8172344432080436
Lithuania,1998,0.8172103689794584
New Zealand,1994,0.8171284451052668
Vietnam,2006,0.8170840476814194
Burkina Faso,2010,0.8170381154974184
Slovenia,2010,0.8169808567743888
Sierra Leone,1994,0.8166928812355587
Tajikistan,1998,0.8164187993401363
Cuba,2002,0.8163832905180077
Nigeria,2018,0.8161642297491503
Yugoslavia,1994,0.8161101907761532
Tahiti,2014,0.8159066231513267
Kuwait,1994,0.8157123731073189
Uganda,2002,0.8154793724205828
Bermuda,2010,0.8154189888289681
Lithuania,2010,0.8153183290427255
USA,1994,0.8150523177879913
Burundi,2002,0.8150223238316942
Cuba,2010,0.8149059020680833
Ethiopia,2006,0.8145054548352557
Uganda,2014,0.8141219549820459
Uganda,1994,0.8140781794421433
Latvia,2006,0.8140766901187546
Costa Rica,2018,0.8140572839511703
Malaysia,1998,0.8138013611773135
Israel,2006,0.8134713387083891
Switzerland,2002,0.8132704315496003
Sierra Leone,2006,0.813083600720971
Namibia,1998,0.8129708353942919
Ukraine,1998,0.8128037548230802
Jordan,2002,0.8125480481896423
Oman,2014,0.8124102548557511
Indonesia,2010,0.8123561645058229
Zambia,2018,0.8121474876300936
Denmark,2014,0.8116876647657145
Yemen,2002,0.8112087567644649
Philippines,2018,0.8107718385537264
Tunisia,2006,0.8105589766221124
Singapore,2006,0.8103772094297585
Suriname,2006,0.8098132591719168
Qatar,2006,0.8096427659213397
Estonia,2018,0.8093879005802764
Kuwait,2014,0.8092013651555768
Samoa,2010,0.8088864049324042
Turkmenistan,2006,0.8088428741190605
Switzerland,2010,0.8085188099059871
Qatar,1994,0.8085082370861401
Sierra Leone,2014,0.8079875350057744
Guatemala,2002,0.8079016307873901
Egypt,1994,0.8078399034286559
Papua New Guinea,2014,0.8071486466840533
Qatar,1998,0.8069705573452758
Czech Republic,2014,0.8066351929958124
Zambia,2006,0.8065857230907666
Mauritania,2014,0.8062639787758837
Scotland,2018,0.8062568190129412
Netherlands,2018,0.805809931531517
Tahiti,2006,0.8057640207308935
Yemen,1994,0.8055724978152478
Finland,2010,0.805235877867525
Romania,2010,0.8050434279304346
Denmark,2006,0.8049898223365586
Benin,2010,0.8044854209868573
Latvia,2010,0.8039817281602304
Turkey,2018,0.8038251672002525
Fiji,2018,0.8035086238089475
Albania,2018,0.8034350126773676
Palestine,2014,0.8032051537735881
Haiti,2018,0.8031596068119562
Gabon,2002,0.8031349582799316
Solomon Islands,2018,0.803029979406322
New Zealand,2010,0.8026346100463898
Fiji,2014,0.8025260982584531
Rwanda,2006,0.802411248565914
Oman,2002,0.8017171741907348
United Arab Emirates,2002,0.8014466167057089
Saudi Arabia,1998,0.801325907899359
Canada,2002,0.8013190055726209
Guyana,2002,0.8012488489761725
India,2010,0.8010891474527545
Zimbabwe,2014,0.800644768168145
Ukraine,1994,0.800571544177042
Antigua and Barbuda,2018,0.8002603093835946
Uganda,2006,0.7999530530648201
Antigua and Barbuda,2014,0.7997760649518494
Japan,2002,0.7995031911690264
Vietnam,2010,0.7994109056700596
Mali,2014,0.7986877987781471
Wales,1994,0.7985375828484956
Brazil,2002,0.7984139787818961
Mozambique,2006,0.7982335100748433
Indonesia,2006,0.7976162171916366
Tajikistan,2006,0.7975421349615983
Sudan,2006,0.7973307566339639
Togo,2006,0.7962514020008572
Congo,1994,0.7962354856134173
Colombia,1994,0.7954445449204238
Congo,2010,0.7954212087825169
Algeria,1998,0.795370396959393
Bolivia,1998,0.7952014076661166
Bermuda,2018,0.7951422621860903
Canada,2018,0.7949728246442659
Trinidad and Tobago,1994,0.7947340704775495
New Caledonia,2018,0.7943354764858965
Netherlands,1998,0.7943229892687355
Northern Ireland,1994,0.7942179694594024
Syria,2006,0.7941841182940874
Burundi,2018,0.7939545226184169
United Arab Emirates,1998,0.7937658835656034
Bahrain,2018,0.7936276289695369
Guatemala,2006,0.7935528599315191
United Arab Emirates,1994,0.7934205594411768
Senegal,1994,0.7933355855040439
Congo,1998,0.7931231584108925
Angola,2014,0.7930384580326993
Venezuela,2014,0.7924589920412053
Iceland,2014,0.7924342257777295
Japan,2014,0.7922286733437612
Congo,2002,0.7921907829161384
Ethiopia,2014,0.7919532697573535
Guatemala,2014,0.7919507160131546
Egypt,1998,0.7918852026373745
Puerto Rico,1994,0.7918318284578534
Puerto Rico,2014,0.7917438266914135
Iraq,2010,0.7917307267243074
Turkey,2006,0.7916272205890804
Congo DR,2006,0.7912706867746193
Lebanon,2002,0.790432818133736
Greece,2002,0.790139823435767
Malawi,1994,0.7898902393714793
Venezuela,2006,0.7898024390430184
Chile,1994,0.7897890741474052
Hungary,2006,0.7895836852113447
Belarus,2014,0.7891337252120371
Iceland,1994,0.7890014146817438
Solomon Islands,1994,0.7877046298874341
Congo,2014,0.7874814678629233
Qatar,2002,0.7873064755719016
France,2014,0.7870125164245447
Namibia,2018,0.7869715925157764
Suriname,2010,0.7866456582128303
El Salvador,2010,0.7863947386237856
Belgium,1994,0.7861188827938416
Serbia,2018,0.7859963967727355
Maldives,2014,0.785160526312508
Philippines,2010,0.7849263306226812
Serbia,2006,0.7846208360501501
New Zealand,2006,0.7844524413813538
Canada,1994,0.7842083821008711
Oman,2018,0.7840406569919878
Rwanda,2018,0.7837540877732128
Cuba,2014,0.7835236545911854
India,2002,0.783354319969622
Bahrain,2002,0.7832947254164513
Tonga,2014,0.7831196790414691
Singapore,1994,0.783012547065989
Angola,2006,0.7825022311224654
Ukraine,2006,0.7824619401872303
Scotland,2002,0.7823592465078423
Angola,1994,0.7819798449373054
Sudan,2010,0.78172619696477
Gambia,1994,0.781387582990446
Jamaica,2014,0.7812274600194146
Guinea,1994,0.7810827356022125
Hungary,2018,0.7809302713828388
Singapore,2010,0.7804768377794888
Oman,1998,0.7803389702351897
Canada,2010,0.7802626205084513
Algeria,2006,0.7798854788834779
Liberia,2014,0.7797683982303425
Haiti,2006,0.7794694966388789
Gabon,1994,0.7793704668294251
Hungary,1994,0.7792835414948563
Morocco,2014,0.7792507767452482
Bermuda,1994,0.7780450554149061
Georgia,2014,0.778002390913266
South Africa,2006,0.7777544513303073
Cyprus,2002,0.7776809796336833
Grenada,2010,0.7773111169207353
Nigeria,2010,0.7766655660489323
Kuwait,2002,0.7766351747100965
Dominican Republic,2002,0.7766169240541918
Burkina Faso,2014,0.7759905212323177
Georgia,1998,0.7757157083075635
Chad,2002,0.7755961400193341
Ukraine,2010,0.7755295797158676
Uzbekistan,2018,0.7754265639983946
Honduras,1998,0.7748829370743701
Gabon,2006,0.7747372582045112
Rwanda,2010,0.7747341172436538
Malaysia,2002,0.7746994646749437
Fiji,1998,0.7746781436452522
South Africa,2018,0.7746557549632083
Mali,1994,0.7743923019186925
Botswana,2002,0.7741544505688096
Suriname,2002,0.7736799407755168
Barbados,2006,0.7734638006433435
Guinea-Bissau,2010,0.7731362769616613
Botswana,2006,0.7728123800992205
Solomon Islands,2014,0.7726227905803701
Qatar,2014,0.7722303824929964
Qatar,2010,0.7721859846833495
Kenya,2018,0.7716353305377829
New Zealand,2014,0.7716263733848086
Scotland,2010,0.7714255887815373
Kenya,2002,0.7713831893907455
Tajikistan,2018,0.7712697701475005
Liberia,1998,0.7712076915701318
American Samoa,2018,0.7708835133847585
Kenya,2010,0.7701337846623395
Madagascar,2002,0.7699671022962427
Denmark,2010,0.769908244130315
Burundi,1994,0.7697009138432954
Togo,2002,0.7693758131191044
Thailand,2002,0.7692991349544608
Korea DPR,2014,0.7692483297490251
Finland,2014,0.7692204766065388
Dominican Republic,2018,0.7689949986931408
Eritrea,2010,0.7688789392575384
Russia,2006,0.7688552940918028
USA,2018,0.7681119561301378
Brazil,2014,0.7680268889627043
Guyana,2006,0.767928672847626
Greece,1998,0.7678678513711845
Turkmenistan,2010,0.7677172939860109
Congo DR,2002,0.7676720454779806
Antigua and Barbuda,1994,0.7673300506502506
Barbados,2002,0.7666538844562489
Algeria,2002,0.7664869925551616
Barbados,2018,0.7663253511372754
Hong Kong,2010,0.766316729637197
Namibia,2010,0.7657902529209942
Israel,1998,0.7657149261931869
Costa Rica,1994,0.7656736239035374
Ethiopia,2010,0.7656579717357562
Costa Rica,1998,0.7656388030302667
Ecuador,2002,0.7655754278622184
Lebanon,1994,0.7650820949179425
Barbados,1998,0.7650820797339885
Mozambique,1994,0.7649826440842141
Ghana,2018,0.7648179167956047
Slovakia,2006,0.7647480248617585
Senegal,1998,0.764698992606944
Croatia,2014,0.7645301428837934
Malawi,2010,0.7641074785654018
Grenada,2006,0.7632943363566747
South Africa,1994,0.7631823591104363
Kuwait,2010,0.7623594064231388
Kenya,2014,0.7616105395550189
Poland,2014,0.7615355466437327
Mongolia,2018,0.7614405582241529
Maldives,2006,0.7613391721971108
Argentina,1998,0.761310534837729
Mongolia,2010,0.7612705083355567
Thailand,1994,0.7611897776196096
Grenada,2002,0.7608926099183114
Albania,2002,0.7605660611338249
Central African Republic,2014,0.7605198540767782
Turkmenistan,2018,0.7599818815610002
Burkina Faso,1994,0.7598287522684213
Panama,2002,0.7598247633766563
Mauritania,2018,0.7597189102208561
Kenya,1998,0.7595720324643177
Central African Republic,2002,0.7593411396571393
Sri Lanka,2010,0.7589222891576707
Montenegro,2018,0.7584451329934688
Ecuador,2006,0.7582620719207867
Samoa,1998,0.7581122231346679
Cyprus,2010,0.7574260909518664
Iraq,2014,0.7568556440725076
Ghana,2010,0.756563918774341
Austria,1994,0.7564930219371065
Jamaica,2018,0.7563771599949648
India,2006,0.7562080172011101
Indonesia,1998,0.756191201284367
Mozambique,2018,0.7561721540467246
Trinidad and Tobago,2010,0.7559395539557159
Guyana,2018,0.7557378262173363
Singapore,2002,0.7545736724861092
Paraguay,1994,0.7543456001847221
Malawi,2006,0.754056122410756
Malaysia,2014,0.753395792935149
Burundi,2010,0.7533670993946527
Burkina Faso,2002,0.7526565655223878
Singapore,1998,0.7521914182137407
Guinea-Bissau,2018,0.7518250231742607
Malawi,2018,0.7516430970018229
Belarus,2002,0.7515536676345608
Pakistan,2006,0.7515276948188999
Equatorial Guinea,2014,0.7512170669992918
Montserrat,2018,0.7511737836476755
Bermuda,2006,0.7510776488306562
Nepal,2010,0.7509547501063224
Honduras,2014,0.7506021185100606
Bolivia,1994,0.7504355624776461
South Africa,2010,0.7500969121339027
Chad,2006,0.7499114002739713
Papua New Guinea,1998,0.7498960467948522
Cameroon,2006,0.7496815340296242
Aruba,2018,0.749225786828098
Wales,2010,0.7491815592523845
Azerbaijan,2014,0.7480378508375887
Ghana,2006,0.7473547235033692
Tajikistan,2010,0.747022952469007
Canada,1998,0.7466757630067588
Uzbekistan,2010,0.7463506275058223
Estonia,2006,0.7457380208497649
Trinidad and Tobago,2006,0.7456246297720337
Syria,1998,0.7454230761183339
Mali,2018,0.7453479251764259
Belgium,2010,0.7450865857752679
Slovakia,2002,0.7448880564011365
Estonia,2002,0.7446553042655526
Zambia,2010,0.7445660489748611
Albania,2006,0.7445053983476648
Mauritius,2002,0.744133813973493
Norway,2018,0.743933580574595
Tanzania,1998,0.7439278292123667
Swaziland,2002,0.7437703766968865
Panama,2010,0.7436009637640917
Paraguay,2018,0.7433659759569798
Vietnam,1998,0.7433370743443606
Afghanistan,2018,0.7428734072036853
Syria,1994,0.7427366806584107
Thailand,2014,0.7423102725600094
Macau,2018,0.7412765556173164
Zimbabwe,1998,0.741237266376166
Guinea,2018,0.7403559510987647
Sudan,2014,0.7402473076256486
Cook Islands,2010,0.7394221610106326
Estonia,2014,0.7392613868910649
Thailand,2006,0.7390209409741583
Czech Republic,2018,0.7390021978095398
Belarus,2010,0.7386329786330998
New Zealand,2018,0.7384537147645994
Sri Lanka,1998,0.7380737516158349
Sweden,1994,0.7380460101278102
Tunisia,2010,0.7376618956281347
Nigeria,2014,0.7375549500932099
Mali,1998,0.73716422837873
El Salvador,1994,0.73678225450744
Ecuador,1994,0.7366692937387146
Mauritius,2006,0.7364680099552399
Dominican Republic,2006,0.736287747847816
Tonga,1998,0.7362405979113001
Malaysia,2010,0.7352482728321783
Indonesia,2014,0.7346748539092407
El Salvador,2014,0.7344040406187565
Austria,2006,0.734315609822083
Iceland,2010,0.7340827111417989
Gabon,2018,0.7339743156715083
Botswana,2010,0.7336611634462017
Dominican Republic,1998,0.733534628058025
Samoa,2002,0.7335163264953065
Sudan,1994,0.7334604066273488
Malaysia,2006,0.7330606927898707
Wales,2014,0.7329756155734245
Namibia,2014,0.7325401651717188
Peru,2002,0.7323757203399837
Sierra Leone,1998,0.7317420352455629
Kazakhstan,1998,0.7309544668534071
Tanzania,2014,0.7307707627874018
Madagascar,2010,0.7304375078779568
Malawi,1998,0.7303982801981302
Egypt,2014,0.7300297862168359
Congo,2018,0.730018508669321
Uzbekistan,1998,0.7297446453660227
Serbia,2014,0.7295723401591729
Russia,2014,0.7293976342437305
Georgia,2018,0.7290717217371164
Libya,2002,0.7290515613024212
Dominica,2018,0.7287661241224372
Romania,2018,0.7279246520519523
Morocco,2010,0.727448085334796
Guinea-Bissau,2002,0.7273468169843182
Jordan,2010,0.7268908782158101
Romania,1998,0.7265997955819394
Turks and Caicos Islands,2010,0.7260272358238156
Bulgaria,2002,0.7258879273238203
Burkina Faso,2006,0.7256039867333876
Niger,2018,0.7252347965604211
Guinea,2002,0.7248365951612119
India,2014,0.7244980312831156
Panama,2006,0.72400698089048
Malaysia,1994,0.7236682552663475
Guatemala,1994,0.7233821771812865
Ukraine,2018,0.723040572068261
Dominica,2014,0.7226057191871624
Libya,1998,0.7224942146910486
Morocco,2002,0.7224305471837497
Yemen,2010,0.7222835866853924
Grenada,2018,0.7222001588749702
Latvia,1998,0.7215571693226495
United Arab Emirates,2010,0.7214427506857922
Guinea-Bissau,1994,0.7208938142309858
El Salvador,1998,0.7206784041477676
Jordan,2018,0.7206133978439647
Slovenia,1998,0.7205667416217709
Aruba,2014,0.720378071309791
Yemen,1998,0.7196306498809769
Congo,2006,0.7195018318452668
Poland,1994,0.7192400022712262
Sudan,2002,0.7192145481299062
Barbados,2014,0.7190670388979199
Liberia,2018,0.7187537537794148
Ecuador,2010,0.7186659985359841
Canada,2006,0.7165067679064376
United Arab Emirates,2006,0.7160824716236542
Guyana,2014,0.7159716241872169
Antigua and Barbuda,2006,0.7156690510348027
Niger,2014,0.7156085822955146
Samoa,2006,0.7151761364867927
Paraguay,2006,0.7147667846180742
Singapore,2014,0.7147336987425112
Peru,2006,0.7144872561246206
Austria,2010,0.7136757179454648
Bangladesh,2014,0.7133665588579478
India,1998,0.713199417675746
Guam,2014,0.7130501111864177
Dominican Republic,1994,0.7129743831573276
Niger,2006,0.7123068190650815
Korea Republic,2002,0.7117495341092929
Saudi Arabia,2014,0.710439999912005
Belarus,2018,0.7101767233648169
Nepal,2014,0.7099901464002212
Hong Kong,2002,0.7098642335916315
Tonga,2002,0.7097308238876867
Antigua and Barbuda,2002,0.7097300578544951
Egypt,2002,0.7093095966385324
Vanuatu,2002,0.7092081652428007
Syria,2014,0.7088001659688136
Finland,2018,0.7083259893447785
Trinidad and Tobago,2018,0.7079098637121883
Cyprus,2018,0.7078899035333864
Bolivia,2010,0.7071833750983416
Moldova,2014,0.7065481286067282
Mauritania,1998,0.7063923063243917
Comoros,2018,0.7061941644020876
Russia,1994,0.7054098214930242
Swaziland,2006,0.7044988890472424
Haiti,1994,0.7043480898381281
Israel,1994,0.704345951095243
Hong Kong,1998,0.7041956679671283
Honduras,2006,0.703578511421427
Lithuania,1994,0.7034728709000735
Norway,1998,0.7034152683313271
Lesotho,1994,0.7023143261343202
Libya,2018,0.7022565769652312
Benin,2006,0.7018524386474599
Armenia,2002,0.7014427631350393
Cayman Islands,1998,0.7013772448870121
Colombia,2010,0.7012934306082004
Cyprus,1998,0.7010939191732466
Korea DPR,2002,0.701022640328448
Yemen,2018,0.7009522079289879
Mali,2002,0.7007244650478168
Cambodia,2018,0.7007115242668006
Finland,1994,0.7005407125148104
Laos,2014,0.70015694041051
Vietnam,2014,0.6991699733556255
British Virgin Islands,2002,0.6989336325940629
Laos,1998,0.6988439754214983
Nicaragua,2018,0.6985087277474726
Malaysia,2018,0.6982048957583342
Panama,2018,0.6977974508689934
Israel,2018,0.697760451894524
Bangladesh,2002,0.6977002422878977
Slovenia,2006,0.6968911318440667
Turkmenistan,1998,0.6967090647377978
Suriname,1998,0.6960525821322993
Gambia,2006,0.6958319843373705
Lithuania,2006,0.6946609381254198
Cameroon,2014,0.6944691790629682
Turkey,2010,0.6941407958691855
Chile,2006,0.693376790699415
Latvia,2002,0.6930510316066446
Wales,2002,0.6926078180123253
Rwanda,2014,0.6925891008172447
Singapore,2018,0.6920959158761399
Paraguay,2010,0.6920282812209171
Malawi,2014,0.6916546314543731
Swaziland,2010,0.6912370220366171
Northern Ireland,2002,0.6911158849347131
Swaziland,1994,0.6911050857624332
Tanzania,1994,0.6909708007620194
Argentina,2010,0.6908957311665913
Faroe Islands,2018,0.6903766637437615
Libya,2010,0.689133090836202
Bolivia,2018,0.6891278042342719
Cayman Islands,2002,0.6887767322575188
Iceland,1998,0.688497005746542
Sri Lanka,2006,0.6883219363760189
Ghana,1998,0.6880161312540566
Central African Republic,2018,0.6877646461022466
Maldives,2018,0.6876453418736522
Niger,1994,0.6871257228895862
Tanzania,2018,0.6869192761299338
Georgia,2002,0.6863289223015825
Poland,1998,0.6862603692137415
Kazakhstan,2010,0.686134033111263
Italy,1998,0.6853570528058126
Turkey,1994,0.6849112876737025
Lebanon,2014,0.6844665454774919
Belize,2014,0.6844166796107078
Peru,1994,0.684323962281541
Nicaragua,2014,0.6837012608975173
Norway,2002,0.683673826557582
Lesotho,2002,0.682620727007596
Belize,2002,0.6825599408839407
Guam,2002,0.6824755579216562
Antigua and Barbuda,1998,0.6820878453153859
Belgium,1998,0.6812007163253356
Curaçao,2014,0.6811113995688117
Hong Kong,1994,0.6808966412054925
Gabon,2014,0.6806465924891174
Lesotho,2018,0.6806450050974706
Guinea-Bissau,2014,0.6802505010117472
Moldova,2002,0.6799968349216025
Germany,2006,0.6799325366122954
El Salvador,2018,0.6795590395535602
El Salvador,2002,0.6793471867855184
Switzerland,1994,0.6793231957095666
Togo,2018,0.6792959417979941
Angola,2010,0.6791037521131602
Moldova,2010,0.6786566200131654
Palestine,2002,0.6781008412860268
Gambia,2018,0.6774671493204053
Tanzania,2002,0.6774536610846867
Laos,2010,0.6773890419901338
Congo DR,2010,0.676873633678464
Equatorial Guinea,2018,0.6767284098654931
Jordan,1998,0.6759086748153889
Togo,2010,0.6758331691158677
Mozambique,2014,0.6757063555899081
Nicaragua,2006,0.6756424874616433
Lesotho,2006,0.6735964102842158
Equatorial Guinea,2010,0.672937421042488
Chad,2018,0.6720191808728028
Uruguay,2018,0.6716337209673354
Northern Ireland,1998,0.6715252363812364
Colombia,2006,0.6714808931054644
Albania,2010,0.671466768813833
Colombia,2018,0.6711390616177679
Jamaica,2002,0.6710291531476507
Papua New Guinea,2018,0.6707083400872428
Lebanon,2006,0.6703479591916344
Grenada,1994,0.6699412087244251
Gambia,1998,0.6699360068387233
Venezuela,2002,0.669197890897288
Mongolia,2014,0.6690425329154768
Zimbabwe,2010,0.6689762686708132
Lesotho,2014,0.668498495590694
Belize,2006,0.6683162998398406
Guatemala,2018,0.6679959556808841
Ethiopia,2018,0.6679445459038709
Togo,2014,0.6678503080189948
Guam,2018,0.6678159980315187
Vanuatu,1998,0.6672486811613143
Lebanon,2010,0.6666544254322284
Sierra Leone,2018,0.6663631269737027
New Zealand,1998,0.6655345310994891
Latvia,1994,0.6652161920727814
Slovenia,1994,0.6651200718938327
Armenia,2006,0.6648416506540352
Benin,2002,0.664517040626288
Nepal,2018,0.6638850819850587
Niger,2002,0.663854196457854
Guyana,1994,0.6636195709222847
Venezuela,2018,0.6634389869158613
Latvia,2018,0.663237461384374
Sweden,2010,0.6631841501999682
Lesotho,2010,0.6628986522765876
Burkina Faso,1998,0.6627560733648015
Hong Kong,2014,0.6624898098164872
Hungary,1998,0.6623559593488101
Malawi,2002,0.6620537094054973
Ethiopia,1998,0.6619622171009704
Poland,2010,0.661381630315448
Honduras,2018,0.6613014604653699
Chad,2010,0.6603998319224504
Cyprus,2006,0.6603365022577322
Ethiopia,1994,0.6596352451509203
Bahrain,2014,0.6594304261731633
Pakistan,2010,0.6585437988647753
Equatorial Guinea,2006,0.6585049542984833
Israel,2014,0.6581478277225392
Kosovo,2018,0.6580821332785481
Namibia,2002,0.6565955317516211
South Sudan,2018,0.6559908038777463
Grenada,2014,0.6559742911430548
Palestine,2010,0.6556422290468024
Slovakia,2014,0.6554289203448074
Togo,1994,0.6552653940028185
Aruba,2002,0.6550758284850252
Bermuda,1998,0.6550052961939524
Angola,2018,0.6542638838296387
Vanuatu,1994,0.6540314578314214
Mongolia,2006,0.6538330508926309
Estonia,2010,0.6535968408647341
Botswana,2018,0.6529984048109108
Paraguay,2014,0.6510309752956517
Nepal,2002,0.6510304689320656
Liberia,2010,0.6509300516143722
Lesotho,1998,0.6508034563003975
Tonga,2010,0.6505978919818188
Bangladesh,2010,0.6505771863543511
Burundi,2006,0.6504483110586773
Turks and Caicos Islands,2018,0.6502966669951944
Guam,2010,0.6500947890305947
Kazakhstan,2014,0.6490201308398322
Armenia,2010,0.6488970525764408
Finland,1998,0.6488887836884976
Belarus,1994,0.6486805542570089
Bahamas,2010,0.6485685338388482
Bahrain,1998,0.6480555619334033
Cambodia,2010,0.6475901588584995
Pakistan,2014,0.6461536292549949
Tanzania,2006,0.6461390463320201
Dominica,2002,0.6461298414555551
Samoa,2018,0.6447468357221805
Benin,2014,0.6445086868407435
Laos,2018,0.6443096268142826
Scotland,2006,0.6440319566197181
Norway,2014,0.6436147479794627
Austria,2002,0.6434381395244734
Tonga,2006,0.6430386386145964
Moldova,2006,0.6430186001675354
Chad,1998,0.6429390740867129
Kazakhstan,2018,0.6425505722692422
Kuwait,2018,0.6423761543992241
Cyprus,1994,0.6406497941514344
Peru,2010,0.6400321492897415
Azerbaijan,2018,0.6396639881599908
Guinea-Bissau,1998,0.6377871795892577
Dominica,2006,0.6376769559708234
Yemen,2006,0.6376489212178537
Malta,2014,0.6369214542931217
Puerto Rico,2018,0.6357813344265846
Azerbaijan,2010,0.6352568693417847
Belarus,1998,0.6341191254911263
Zambia,2002,0.6334114592499015
Madagascar,2006,0.6331773647380055
Faroe Islands,2006,0.6320354968904869
Mauritius,1994,0.6312523901021052
British Virgin Islands,2010,0.6308829195759896
Sri Lanka,2014,0.6303071329913803
Canada,2014,0.6298270070121987
Bangladesh,1998,0.6297953396131138
Georgia,2010,0.6296647797817383
Maldives,2002,0.6291006721361381
Bolivia,2006,0.6287086718926632
Netherlands,2014,0.6284379516089036
Benin,1998,0.6280637733189471
Azerbaijan,2002,0.6279745003073947
El Salvador,2006,0.6274906418382381
Sweden,1998,0.6274557161925176
Slovenia,2018,0.6274272255883785
Sri Lanka,2002,0.6266986435377828
Gambia,2014,0.6266464826308444
British Virgin Islands,2006,0.6264838549633152
Bahamas,2002,0.6248669740185044
Niger,1998,0.6238016090397406
Bolivia,2002,0.6235328127285416
Bolivia,2014,0.6234291983167485
Seychelles,2010,0.6231126681653641
Chile,2002,0.6226844319645191
Mauritania,2010,0.6201264205314674
Albania,1998,0.6200255868706087
Cameroon,1998,0.6199902772767037
India,1994,0.6198543622038086
Niger,2010,0.6197256547200601
Bangladesh,1994,0.6190716287045246
Comoros,2010,0.6190399371645979
Georgia,2006,0.6189077969950905
Croatia,2002,0.618907550034368
Bulgaria,2014,0.6188114829040979
Algeria,2018,0.6182985057572886
Iceland,2006,0.6179627183529528
Macau,2006,0.6173738650742429
Armenia,2018,0.6150399354681487
Mozambique,2002,0.612226562817777
Guatemala,2010,0.6120512095255758
Northern Ireland,2006,0.6114131514745945
Australia,2014,0.6113810909003826
Bangladesh,2018,0.6102782033055985
Lithuania,2014,0.6098815710131659
Mauritania,1994,0.6083012630787779
Senegal,2010,0.608246496846221
Azerbaijan,2006,0.6061061777604256
Palestine,2006,0.6060838473472255
Cambodia,2014,0.6052580021006665
Chad,2014,0.6048537256014569
Mauritius,2018,0.6043300674415314
Macau,1998,0.6042252655676451
Aruba,1998,0.6041406475161641
Anguilla,2002,0.6034466238296747
Czech Republic,2010,0.603278539899164
Belgium,2006,0.6031376718572207
Guinea,2010,0.6029466226953725
Sierra Leone,2010,0.6027638574845443
Luxembourg,2018,0.6025155699193014
Sierra Leone,2002,0.6016994578029138
Malta,1994,0.6009534554027274
Lithuania,2002,0.6001307634590389
Sudan,2018,0.5992446321390462
Cayman Islands,2006,0.5986870970676196
Wales,1998,0.5986348116562228
Seychelles,2006,0.5982039225580136
Russia,2018,0.5981127219871779
Guinea-Bissau,2006,0.5973948633293705
Oman,1994,0.5972676982273085
Central African Republic,2006,0.5971298665454963
Faroe Islands,1998,0.5971264134261964
Dominican Republic,2010,0.596914112011772
Lithuania,2018,0.5949334133282675
Cook Islands,2014,0.594356501361015
Eritrea,2006,0.5943287127884664
Namibia,2006,0.5929582460361408
Nicaragua,2010,0.5908799041400831
Pakistan,2018,0.5892498285579603
Yemen,2014,0.5887426665274086
Guyana,1998,0.5886005374818774
Cayman Islands,2014,0.5885334912292995
Moldova,1998,0.5884518191911391
Malta,2006,0.5878392147073767
Samoa,2014,0.5870695632012041
Puerto Rico,1998,0.5862634067630655
Faroe Islands,1994,0.5858549019097481
Belize,2018,0.5858158421043614
Madagascar,2014,0.5856070660397199
Madagascar,1998,0.5845617238852289
Greece,2018,0.5838019155451355
Luxembourg,2014,0.5835972792080543
Gambia,2002,0.5834300122538075
Pakistan,1998,0.5832748407918089
Indonesia,1994,0.5831442967480076
Panama,1994,0.5827912123752882
Cook Islands,2002,0.5817456679793107
Armenia,1998,0.5802590462814634
Estonia,1998,0.5802462710574601
Liechtenstein,2006,0.5793068866500343
Moldova,2018,0.5779504203712728
Cuba,2018,0.576501908488696
Rwanda,1998,0.5761708688253699
Albania,1994,0.5756094972130199
Botswana,1994,0.5751456542257907
Afghanistan,2010,0.5748621877888064
Central African Republic,2010,0.5741992022457988
Nepal,2006,0.572949322243869
Macau,2010,0.5717523268198766
Chad,1994,0.5713948042363631
Mauritius,2014,0.5713839561462584
Montserrat,2014,0.5711186583773605
Latvia,2014,0.5705025551078317
Faroe Islands,2002,0.5683353324235498
Eritrea,2002,0.5662720933325085
Nigeria,1998,0.5649716975679676
Belize,2010,0.5646556344802274
Sri Lanka,2018,0.56462324127993
Mauritius,1998,0.5619561432465955
Cayman Islands,2010,0.5618202507197952
Switzerland,1998,0.5607032463561259
Cayman Islands,1994,0.5600874342166192
Swaziland,1998,0.5596201778293803
Seychelles,2014,0.5590365015045222
Malta,2002,0.5585429977710668
Central African Republic,1994,0.557770628667955
Tahiti,2010,0.5575829754188615
Bhutan,2010,0.5572929368940446
Papua New Guinea,2002,0.5568196741982964
Cyprus,2014,0.5555727772413471
Liberia,2006,0.5546464918828199
British Virgin Islands,1998,0.5510879256890314
Northern Ireland,2014,0.5493800013235737
Bhutan,2006,0.547423660970811
Somalia,1998,0.54686288267884
Liechtenstein,2014,0.5464392177345649
Dominica,2010,0.546111302282324
Malta,2010,0.5449180623699342
Mauritania,2002,0.5432011290487709
Central African Republic,1998,0.5417646469357064
Macau,2014,0.5406069778295978
Mauritania,2006,0.5381607143353051
Estonia,1994,0.5377449539073041
Laos,2006,0.5366637991342141
Luxembourg,1998,0.5357033743936089
Seychelles,2002,0.5356615007172735
Ecuador,2018,0.5334813944578172
Azerbaijan,1998,0.5329183466311211
Laos,2002,0.5325894496914004
Equatorial Guinea,1994,0.5311411585257897
Venezuela,1998,0.5307626023071602
Equatorial Guinea,2002,0.5305991536680817
Benin,1994,0.5299343728075409
Afghanistan,2006,0.5295616004197539
Vietnam,1994,0.5288285282871589
Botswana,1998,0.5277399240942754
Seychelles,2018,0.5266958621070008
Venezuela,1994,0.5250614569131637
British Virgin Islands,2014,0.5231731279834985
Papua New Guinea,2010,0.5231445641913227
Somalia,2006,0.5224198832474556
Liberia,1994,0.5220292462023014
Malta,1998,0.5209978126520071
Anguilla,2014,0.5209333400380931
Kazakhstan,2006,0.520380763166282
Seychelles,1998,0.5186634559732138
Philippines,2006,0.5170381743845448
Cambodia,2002,0.5161594367629447
Bhutan,2018,0.5133352185045721
Swaziland,2014,0.5130353903045202
American Samoa,2014,0.5105140873193924
Belize,1998,0.509876468795695
Malta,2018,0.508711982744249
Seychelles,1994,0.5069280081939291
Somalia,2010,0.5058354850560126
Luxembourg,2010,0.5049437432767637
Bahamas,2006,0.504783173194806
Cook Islands,1998,0.502628796185047
Liechtenstein,2018,0.5025178579273932
Mauritius,2010,0.5010618027371433
Macau,1994,0.500515662598576
Puerto Rico,2002,0.49817761796078747
Cambodia,2006,0.4979115833295404
Eritrea,2014,0.4972725549953459
Faroe Islands,2014,0.4959588740835481
Liechtenstein,2010,0.49365741186404666
Comoros,2014,0.49207580668879214
South Sudan,2014,0.491515447672134
Andorra,2006,0.48985833249041755
Nepal,1998,0.4883113994050434
Maldives,1998,0.48298089045138404
Philippines,2002,0.48255118969976196
Anguilla,2006,0.4806066169003213
Puerto Rico,2006,0.48011731051505463
Libya,1994,0.4794640527964606
Luxembourg,1994,0.4788016502014091
Djibouti,2002,0.47815400959826787
Macau,2002,0.4776818976060332
Aruba,2010,0.47530891086163407
Faroe Islands,2010,0.4752958681809287
Gibraltar,2018,0.47143976271706484
Djibouti,1998,0.4689751610252206
Djibouti,2010,0.4626836919809144
Luxembourg,2006,0.4615979115610329
Namibia,1994,0.46055087667977873
Andorra,1998,0.46013816019668824
Montserrat,2002,0.459976653247746
Eritrea,2018,0.45875668421475424
Aruba,1994,0.4563418897765253
Andorra,2002,0.4551575276441329
Andorra,2010,0.45221913545165277
Turks and Caicos Islands,2002,0.452216561067531
Djibouti,2018,0.451637422799449
Pakistan,2002,0.4500180956442872
San Marino,2006,0.4476389243259238
Luxembourg,2002,0.44689811340592206
Nicaragua,1998,0.44645703688674054
Anguilla,2010,0.44550351615719735
Montserrat,2010,0.44365572006152376
Nicaragua,1994,0.44349759514549303
Cook Islands,2006,0.4423064307641822
Bhutan,2014,0.4420362187360178
Aruba,2006,0.44054966292495756
Montserrat,2006,0.44023760519749683
Tonga,2018,0.4389543043114641
Mongolia,2002,0.43640426707344165
Liechtenstein,2002,0.43618017579715046
Djibouti,2014,0.4353029121499884
Djibouti,2006,0.4348484941358603
Cambodia,1998,0.43472384739140113
British Virgin Islands,2018,0.4341279045776602
Somalia,2002,0.43362157308792615
Anguilla,1998,0.42696162768276663
Somalia,2014,0.42691797223907985
Liechtenstein,1994,0.4226699406937625
Andorra,2018,0.42162054727584347
Nicaragua,2002,0.42127248617457974
San Marino,1998,0.4206704826999634
Bhutan,2002,0.41656301490251896
Liechtenstein,1998,0.4138557733601271
American Samoa,2002,0.4130398706217237
Andorra,2014,0.4129913352180895
San Marino,1994,0.4121527354309065
American Samoa,2006,0.4105859394916313
San Marino,2010,0.4074363034976493
Turks and Caicos Islands,2014,0.40691347463091865
San Marino,2002,0.4067161605621925
American Samoa,2010,0.40401954157980574
San Marino,2018,0.4038025296788699
San Marino,2014,0.4022432670201404
Bahamas,2018,0.400313062146317
Philippines,1998,0.39769953948586945
Guam,2006,0.39742331396731956
Pakistan,1994,0.39727796009333827
Cayman Islands,2018,0.3929444299412184
Somalia,2018,0.3917627151756836
Turks and Caicos Islands,2006,0.3901352613605741
Anguilla,2018,0.3890337162740326
Guam,1998,0.38898361569959755
Sri Lanka,1994,0.3616587821872823
